- company_gr: <b>Όνομα</b>
  company_en: <b>Name</b>
  url:
  category_gr: <b>Κατηγορία</b>
  category_en: <b>Category</b>
  location_gr: <b>Τοποθεσία</b>
  location_en: <b>Location</b>

- company_gr: The Cube
  company_en: The Cube
  url: http://thecube.gr
  category_gr: Coworking space
  category_en: Coworking space
  location_gr: Αθήνα, Αττική, Ελλάδα
  location_en: Athens, Attica, Greece
  
- company_gr: My Sunshine
  company_en: My Sunshine
  url: http://www.mysunshine.gr
  category_gr: Είδη εγκυμοσύνης και παιδικά προϊόντα
  category_en: Maternity and baby products
  location_gr: Αθήνα, Αττική, Ελλάδα
  location_en: Athens, Attica, Greece

- company_gr: KEEN Organic Living
  company_en: KEEN Organic Living
  url: http://k33n.gr
  category_gr: Παιδικά ενδύματα
  category_en: Children's apparel
  location_gr: Αθήνα, Αττική, Ελλάδα
  location_en: Athens, Attica, Greece

- company_gr: GourmetGR
  company_en: GourmetGR
  url: http://www.gourmetgr.com
  category_gr: Καφές, σοκολάτα, τσάι και άλλα τρόφιμα
  category_en: Coffee, chocolate, tea and other Greek foods
  location_gr: Αθήνα, Αττική, Ελλάδα
  location_en: Athens, Attica, Greece

- company_gr: Ταβέρνα Άγγελος
  company_en: Aggelos Tavern
  url: https://www.facebook.com/tavernagelos
  category_gr: Ταβέρνα. <a href="https://www.google.gr/webhp?ion=1&espv=2&ie=UTF-8#q=bitcoin%20%CF%84%CE%B1%CE%B2%CE%AD%CF%81%CE%BD%CE%B1%20%CE%86%CE%B3%CE%B3%CE%B5%CE%BB%CE%BF%CF%82">Άρθρα στον Τύπο</a>.
  category_en: Tavern
  location_gr: Χαϊδάρι, Αττική, Ελλάδα
  location_en: Haidari, Attica, Greece

- company_gr: Cibo Matto
  company_en: Cibo Matto
  url: http://www.cibo.gr
  category_gr: Ιταλικό εστιατόριο
  category_en: Italian restaunt
  location_gr: Κηφισιά, Αττική, Ελλάδα
  location_en: Kifisia, Attica, Greece

- company_gr: Bike Lounge
  company_en: Bike Lounge
  url: http://www.bikelounge.gr
  category_gr: Κατάστημα ποδηλάτων. <a href="https://www.youtube.com/watch?v=xZmOHft7jz0">Βίντεο καταστηματάρχη για το Bitcoin</a>
  category_en: Bicycle shop
  location_gr: Μαρούσι, Αττική, Ελλάδα
  location_en: Marousi, Attica, Greece

- company_gr: Έπιπλο Τσουραπά
  company_en: Tsourapa Furniture
  url: http://www.tsourapa.com.gr
  category_gr: Έπιπλα
  category_en: Furniture
  location_gr: Αθήνα, Αττική, Ελλάδα
  location_en: Athens, Attica, Greece

- company_gr: Biofire
  company_en: Biofire
  url: http://www.biofire.gr
  category_gr: Βιολογικά τζάκια βιοαιθανόλης
  category_en: Bioethanol fireplaces
  location_gr: Αθήνα, Αττική, Ελλάδα
  location_en: Athens, Attica, Greece

- company_gr: Casa del Bambino
  company_en: Casa del Bambino
  url: https://www.facebook.com/casa.delbambino.7
  category_gr: Παιδικά προϊόντα
  category_en: Children's Clothing Store
  location_gr: Αθήνα, Αττική, Ελλάδα
  location_en: Athens, Attica, Greece

- company_gr: Sousourades
  company_en: Sousourades
  url: https://www.facebook.com/Sousourades
  category_gr: Γυναικεία ενδύματα
  category_en: Women's clothes
  location_gr: Αθήνα, Αττική, Ελλάδα
  location_en: Athens, Attica, Greece

- company_gr: Βίλα Πέργολα
  company_en: Villa Pergola
  url: https://coinmap.org/venue/8336
  category_gr: Ενοικίαση Εξοχικών Κατοικιών
  category_en: Villas to rent
  location_gr: Άνδρος, Κυκλάδες, Ελλάδα
  location_en: Andros, Cyclades, Greece

- company_gr: Σανδάλια Σάββας
  company_en: Savvas Sandals
  url: http://savvas-sandals.com
  category_gr: Δερμάτινα σανδάλια
  category_en: Leather sandals worthshop
  location_gr: Ρόδος, Ελλάδα
  location_en: Rhodes, Greece

- company_gr: Anik Snacks
  company_en: Anik Snacks
  url: http://www.aniksnacks.com
  category_gr: Τρόφιμα Ζακύνθου
  category_en: Zante foodstuff
  location_gr: Αγία Παρασκευή, Αττική, Ελλάδα
  location_en: Agia Paraskevi, Attica, Greece

- company_gr: Innoview
  company_en: Innoview
  url: https://www.innoview.gr/
  category_gr: Web sites, e-shops, mobile apps
  category_en: Web sites, e-shops, mobile apps
  location_gr: Αττική, Ελλάδα
  location_en: Αττική, Greece

- company_gr: Pointer.gr
  company_en: Pointer.gr
  url: https://www.pointer.gr
  category_gr: Φιλοξενία ιστοσελίδων, ονόματα χώρου
  category_en: Web hosting and domain name provider
  location_gr: Θεσσαλονίκη, Μακεδονία, Ελλάδα
  location_en: Thessaloniki, Macedonia, Greece

- company_gr: Papaki.gr
  company_en: Papaki.gr
  url: https://www.papaki.gr
  category_gr: Internet domains και φιλοξενία ιστοσελίδων
  category_en: Web hosting and domain provider
  location_gr: Ηράκλειο, Κρήτη, Ελλάδα
  location_en: Heraklion, Crete, Greece

- company_gr: Easy.gr
  company_en: Easy.gr
  url: https://easy.gr
  category_gr: Τηλεφωνία, Internet domains και φιλοξενία ιστοσελίδων
  category_en: Telephony, Web hosting and domain provider
  location_gr: Αθήνα, Αττική, Ελλάδα
  location_en: Athens, Attica, Greece

- company_gr: allVoIP
  company_en: allVoIP
  url: https://allvoip.gr
  category_gr: Τηλεφωνία VoIP και τηλεφωνικά κέντρα
  category_en: VoIP Telephony
  location_gr: Νέο Ηράκλειο, Αττική, Ελλάδα
  location_en: Neo Iraklio, Attica, Greece

- company_gr: Computer Lab
  company_en: Computer Lab
  url: http://www.userpc.gr
  category_gr: Κατάστημα υπολογιστών
  category_en: Computer shop
  location_gr: Νίκαια, Αττική, Ελλάδα
  location_en: Nikaia, Attica, Greece

- company_gr: Host Chefs
  company_en: Host Chefs
  url: https://hostchefs.eu
  category_gr: Δημιουργία και φιλοξενία ιστοσελίδων
  category_en: Web page design and hosting
  location_gr: Βόλος, Ελλάδα
  location_en: Volos, Greece

- company_gr: Advanced Computing
  company_en: Advanced Computing
  url: http://www.acss.gr
  category_gr: Υπηρεσίες πληροφορικής
  category_en: IT solutions
  location_gr: Θεσσαλονίκη και Χαλκιδική, Ελλάδα
  location_en: Thessaloniki and Halkidiki, Greece

- company_gr: Hotwater
  company_en: Hotwater
  url: http://www.hotwater-shop.gr
  category_gr: Υδραυλικά, θέρμανση, κλιματισμός, φυσικό αέριο
  category_en: Plumbing, heating, air conditioning, natural gas
  location_gr: Αιγάλεω, Αττική, Ελλάδα
  location_en: Aegaleo, Attica, Greece

- company_gr: Digifort
  company_en: Digifort
  url: http://www.digitfort.gr
  category_gr: Συναγερμοί και συστήματα ασφαλείας
  category_en: Home security
  location_gr: Αθήνα, Αττική, Ελλάδα
  location_en: Athens, Attica, Greece

- company_gr: Fit.gr
  company_en: Fit.gr
  url: http://www.fit.gr
  category_gr: Συμπληρώματα διατροφής
  category_en: Food supplements
  location_gr: Αθήνα, Αττική, Ελλάδα
  location_en: Athens, Attica, Greece

- company_gr: Meat Pro
  company_en: Meat Pro
  url: http://meatpro.edu.gr
  category_gr: Σχολή Κρεοπωλών
  category_en: School for Butchers
  location_gr: Αθήνα, Αττική, Ελλάδα
  location_en: Athens, Attica, Greece

- company_gr: Sign New Media Advertising
  company_en: Sign New Media Advertising
  url: 
  category_gr: Υπαίθρια Διαφήμιση, Παραγωγή Εντύπων και Πινακίδων, 2107718181, sign.maketes@gmail.com
  category_en: Outdoor Advertising, Signs and Brochures, 2107718181, sign.maketes@gmail.com
  location_gr: Αθήνα, Αττική, Ελλάδα
  location_en: Athens, Attica, Greece

- company_gr: Mybrand Shoes
  company_en: Mybrand Shoes
  url: http://mybrand.shoes/en/
  category_gr: Κατάστημα Παπουτσιών
  category_en: Shoe Shop
  location_gr: Πετρούπολη, Αττική, Ελλάδα
  location_en: Petroupoli, Attica, Greece

- company_gr: 3DMagic
  company_en: 3DMagic
  url: http://www.3dmagic.gr/
  category_gr: Τρισδιάστατες Εκτυπώσεις
  category_en: 3D Printing
  location_gr: Ίλιον, Αττική, Ελλάδα
  location_en: Ilion, Attica, Greece
  
- company_gr: Νοικοκυρέματα
  company_en: Noikokyremata
  url: https://www.facebook.com/noikokyrematathes
  category_gr: Κατάστημα Δώρων
  category_en: Gift Shop
  location_gr: Θεσσαλονίκη, Μακεδονία, Ελλάδα
  location_en: Thessaloniki, Macedonia, Greece

- company_gr: Ergobyte
  company_en: Ergobyte
  url: http://www.ergobyte.gr/
  category_gr: Ανάπτυξη Λογισμικού και Διαδικτυακών Εφαρμογών
  category_en: Software and Website Development
  location_gr: Θεσσαλονίκη, Μακεδονία, Ελλάδα
  location_en: Thessaloniki, Macedonia, Greece

- company_gr: Athera
  company_en: Athera
  url: http://atheragi.com
  category_gr: Geospatial Information
  category_en: Geospatial Information
  location_gr: Θεσσαλονίκη, Μακεδονία, Ελλάδα
  location_en: Thessaloniki, Macedonia, Greece

- company_gr: Carner
  company_en: Carnet
  url: http://carner.gr
  category_gr: Αξεσουάρ αυτοκινήτου
  category_en: Car accessories
  location_gr: Θεσσαλονίκη, Μακεδονία, Ελλάδα
  location_en: Thessaloniki, Macedonia, Greece

- company_gr: Πέτρος Κασαπίδης
  company_en: Petros Kasapides
  url: 
  category_gr: Υπηρεσίες TAXI Θεσσαλονίκης, 6946591591, petroskasapidis@gmail.com
  category_en: Thessaloniki TAXI services, 6946591591, petroskasapidis@gmail.com
  location_gr: Θεσσαλονίκη, Μακεδονία, Ελλάδα
  location_en: Thessaloniki, Macedonia, Greece
  
- company_gr: Κίνηση και Λειτουργία
  company_en: Movement and Function
  url: http://www.movementandfunction.gr
  category_gr: Κέντρο φυσικοθεραπείας
  category_en: Physiotherapy center
  location_gr: Θεσσαλονίκη, Μακεδονία, Ελλάδα
  location_en: Thessaloniki, Macedonia, Greece

- company_gr: Οδοντογλυφίδα
  company_en: Odontoglyfida
  url: https://www.facebook.com/Odontoglyfida/
  category_gr: Ταχυφαγείο
  category_en: Greek fast food
  location_gr: Θεσσαλονίκη, Μακεδονία, Ελλάδα
  location_en: Thessaloniki, Macedonia, Greece

- company_gr: Kopa3ka
  company_en: Kopa3ka
  url: http://www.kopa3ka.com/
  category_gr: Αρχιτεκτονική Τοπίου
  category_en: Landscape Architecture
  location_gr: Δράμα, Ελλάδα
  location_en: Drama, Greece

- company_gr: Ciao Pizzeria Trattoria
  company_en: Ciao Pizzeria Trattoria
  url: https://www.facebook.com/CiaoPizzeriaTrattoria
  category_gr: Πιτσαρία
  category_en: Pizza restaurant
  location_gr: Λάρισα, Ελλάδα
  location_en: Larisa, Greece
 
- company_gr: ΕΛΤΑ Πρακτορείο Παγκρατίου
  company_en: ELTA shop at Pagkrati
  url: https://www.facebook.com/eltapagrati/
  category_gr: Ταχυδρομείο
  category_en: Post Office
  location_gr: Αθήνα, Αττική, Ελλάδα
  location_en: Athens, Attica, Greece

- company_gr: Φαρμακείο Χατζηδάκη Καλλιόπη – Χατζάκης Μιχαήλ
  company_en: Hersonissos Pharmacy
  url: http://hersonissospharmacy.com/
  category_gr: Φαρμακείο
  category_en: Pharmacy
  location_gr: Χερσόνησος, Ηράκλειο, Κρήτη, Ελλάδα
  location_en: Hersonissos, Heraklion, Crete, Greece

- company_gr: Νόστος
  company_en: Nostos
  url: https://coinmap.org/venue/8370
  category_gr: Εστιατόριο
  category_en: Restaurant
  location_gr: Αγία Μαρίνα, Χανιά, Κρήτη, Ηράκλειο, Ελλάδα
  location_en: Agia Marina, Chania, Crete, Greece

- company_gr: Φαρμακείο Κιμιωνή
  company_en: Kimioni Pharmacy
  url: https://www.facebook.com/kimionipharmacy/
  category_gr: Φαρμακείο
  category_en: Pharmacy
  location_gr: Ελληνικό, Αττική, Ελλάδα
  location_en: Elliniko, Attica, Greece

- company_gr: Φαρμακείο Βρανά και e-farmacy.gr
  company_en: Vrana Pharmacy and e-farmacy.gr
  url: http://www.e-farmacy.gr
  category_gr: Φαρμακείο και ηλεκτρονικό φαρμακείο
  category_en: Pharmacy and online pharmacy
  location_gr: Ελληνικό, Αττική, Ελλάδα
  location_en: Elliniko, Attica, Greece

- company_gr: Galinos.gr
  company_en: Galinos.gr
  url: http://www.galinos.gr/
  category_gr: Φαρμακευτικός οδηγός
  category_en: Pharmaceutical drug guide
  location_gr: Θεσσαλονίκη, Μακεδονία, Ελλάδα
  location_en: Thessaloniki, Macedonia, Greece
   
- company_gr: Κέντρο Γναθοπροσωπικής Παθολογίας & Χειρουργικής
  company_en: Oral & Maxillofacial Medicine & Surgery Center
  url: http://www.maxillofacial.gr
  category_gr: Γναθοχειρουργική - Στοματολογία - Οδοντική Εμφυτευματολογία
  category_en: Oral & Maxillofacial Surgery - Oral Medicine - Oral Implantology
  location_gr: Αγία Παρασκευή, Αττική, Ελλάδα
  location_en: Agia Paraskevi, Attica, Greece

- company_gr: Δρ. Αἴας-Θεόδωρος Παπασταύρου
  company_en: Dr Aias-Theodoros Papastavrou
  url: http://www.e-orl.gr
  category_gr: ΩτοΡινοΛαρυγγολόγος
  category_en: Ear Nose Throat doctor
  location_gr: Αθήνα, Αττική, Ελλάδα
  location_en: Athens, Attica, Greece

- company_gr: Medical Dent
  company_en: Medical Dent
  url: http://medicaldent.gr/
  category_gr: Οδοντιατρείο
  category_en: Dentist
  location_gr: Αθήνα, Αττική, Ελλάδα
  location_en: Athens, Attica, Greece

- company_gr: Teddywear
  company_en: Teddywear
  url: https://www.facebook.com/teddywear.gr
  category_gr: Παιδικά ενδύματα και υποδύματα
  category_en: Children's apparel and shoes
  location_gr: Θεσσαλονίκη, Μακεδονία, Ελλάδα
  location_en: Thessaloniki, Macedonia, Greece

- company_gr: Directshop
  company_en: Directshop
  url: http://www.directshop.gr/
  category_gr: Ηλεκτρονικό κατάστημα για υπολογιστές
  category_en: Computer eshop
  location_gr: Ιωάννινα, Ελλάδα
  location_en: Ioannina, Greece

- company_gr: Break Away
  company_en: Break Away
  url: http://www.breakaway.gr
  category_gr: Δωμάτια απόδρασης
  category_en: Escape rooms
  location_gr: Ιωάννινα, Ελλάδα
  location_en: Ioannina, Greece

- company_gr: WebToner
  company_en: WebToner
  url: http://web-toner.gr/
  category_gr: Μελάνια και toner εκτυπωτών
  category_en: Printer ink and toner
  location_gr: Ασπρόπυργος, Αττική, Ελλάδα
  location_en: Aspropyrgos, Attica, Greece
  
- company_gr: Extravagant coiffure
  company_en: Extravagant coiffure
  url: http://www.extravagant.gr
  category_gr: Κομμωτήριο. <a href="https://www.youtube.com/watch?v=QTRE9zMgS70">Βίντεο καταστηματάρχη για το Bitcoin</a>
  category_en: Coiffure
  location_gr: Νέα Ερυθραία, Αττική, Ελλάδα
  location_en: Nea Erythrea, Attica, Greece

- company_gr: OK Anytime Market Αγίας Παρασκευής
  company_en: OK Anytime Market Agia Paraskevi
  url: https://coinmap.org/venue/7702
  category_gr: Mini super market. <a href="http://www.okmarkets.gr/index.php?option=com_multimaps&view=multimaps&Itemid=73&lang=el">Ιστοσελίδα franchise</a>
  category_en: Mini super market. <a href="http://www.okmarkets.gr/index.php?option=com_multimaps&view=multimaps&Itemid=73&lang=el">Franchise page</a>
  location_gr: Αγία Παρασκευή, Αττική, Ελλάδα
  location_en: Agia Paraskevi, Attica, Greece  

- company_gr: Lennon Eco-gastrobar
  company_en: Lennon Eco-gastrobar
  url: http://www.lennon.gr
  category_gr: Καφετέρια
  category_en: Cafe
  location_gr: Πάτρα, Ελλάδα
  location_en: Patras, Greece

- company_gr: Apela
  company_en: Apela
  url: http://www.apela.gr
  category_gr: Επαγγελματικός οδηγός Λακωνίας και φωτογραφείο
  category_en: Lakonia business guide and photography services
  location_gr: Σπάρτη, Ελλάδα
  location_en: Sparta, Greece
  
- company_gr: Φαρμακείο Απ. Θ. Κυρίτση
  company_en: Ap. Th. Kyritsi Pharmacy
  url: https://coinmap.org/venue/7896
  category_gr: Φαρμακείο
  category_en: Pharmacy
  location_gr: Καρδίτσα, Ελλάδα
  location_en: Karditsa, Greece  

- company_gr: DeltaHacker
  company_en: DeltaHacker
  url: http://deltahacker.gr
  category_gr: Ελληνικό ηλεκτρονικό περιοδικό για υπολογιστές και hacking
  category_en: Greek e-magazine for computers and hacking
  location_gr: Θεσσαλονίκη, Μακεδονία, Ελλάδα
  location_en: Thessaloniki, Macedonia, Greece
  
- company_gr: Pistacia Natura
  company_en: Pistacia Natura
  url: http://www.pistacianatura.gr
  category_gr: Καλλυντικά με βάση λάδι φιστικιού (δέχεται Bitcoin στο κατάστημα μόνο)
  category_en: Cosmetics based on pistachio oil (accepts Bitcoin in-store only)
  location_gr: Αίγινα, Ελλάδα
  location_en: Aegina, Greece  
  
- company_gr: ΕΚΗΒΟΛΟΣ
  company_en: EKIVOLOS
  url: http://ikteo-istiaias.gr
  category_gr: Ιδιωτικό ΚΤΕΟ
  category_en: Car roadworthiness certification
  location_gr: Ιστιαία, Εύβοια, Ελλάδα
  location_en: Istiaia, Evia, Greece    

- company_gr: Φακές Εγκλουβής
  company_en: Englouvi's Lentils
  url: https://fakesenglouvis.gr
  category_gr: Παραγωγός φακής
  category_en: Lentil farmer
  location_gr: Εγκλουβή, Λευκάδα, Ελλάδα
  location_en: Englouvi, Lefkada, Greece    

- company_gr: Here Comes The Paint TShirt Printing
  company_en: Here Comes The Paint TShirt Printing
  url: http://tshirtprinting.gr
  category_gr: Εκτυπώσεις TShirts
  category_en: TShirt Printing
  location_gr: Αττική, Ελλάδα
  location_en: Attica, Greece    

- company_gr: Πανεπιστήμιο Λευκωσίας
  company_en: University of Nicosia
  url: http://www.unic.ac.cy
  category_gr: Πανεπιστήμιο
  category_en: University
  location_gr: Λευκωσία, Κύπρος
  location_en: Nicosia, Cyprus
 
- company_gr: Expedia
  company_en: Expedia
  url: https://www.expedia.com
  category_gr: Ξενοδοχεία
  category_en: Hotels
  location_gr: Διεθνές
  location_en: International

- company_gr: Gyft
  company_en: Gyft
  url: https://gyft.com
  category_gr: Δωροκάρτες Ηνωμένων Πολιτειών (iTunes US, Amazon.com, eBay, Hotels.com, ...)
  category_en: US gift cards (Amazon.com, eBay, Hotels.com, ...)
  location_gr: Διεθνές
  location_en: International

- company_gr: eGifter
  company_en: eGifter
  url: https://www.egifter.com
  category_gr: Δωροκάρτες Ηνωμένων Πολιτειών (Skype, Amazon.com, eBay, Hotels.com, ...)
  category_en: US gift cards (Skype, Amazon.com, eBay, Hotels.com, ...)
  location_gr: Διεθνές
  location_en: International
    
- company_gr: GiftOff
  company_en: GiftOff
  url: https://giftoff.com
  category_gr: Ευρωπαϊκές δωροκάρτες (Amazon.co.uk, Skype, Spotify, Google Play, ...)
  category_en: European gift cards (Amazon.co.uk, Skype, Spotify, Google Play, ...)
  location_gr: Διεθνές
  location_en: International
  
- company_gr: Bitphone
  company_en: Bitphone
  url: https://bitphone.net
  category_gr: Online τηλέφωνο
  category_en: Online phone
  location_gr: Διεθνές
  location_en: International
