Nome,Link
Osservatorio Terremoti INGV,http://cnt.rm.ingv.it/
Dipartimento Nazionale Protezione Civile,http://www.protezionecivile.gov.it/jcms/it/home.wp
Regioni.it - News Protezione Civile,http://www.regioni.it/materie/protezione-civile/
Regione Lazio - Osservatorio Sisma,http://www.regione.lazio.it/osservatoriosisma/
Regione Marche - News terremoto,http://www.regione.marche.it/Regione-Utile/Terremoto-Marche/News-ed-eventi
Regione Umbria - Sisma 2016,http://www.regione.umbria.it/sisma-umbria-2016
Regione Abruzzo - Centro operativo regionale emergenza sisma 2016,http://cor.regione.abruzzo.it/
Regione Umbria - Ordinanze e atti sisma 2016,http://www.regione.umbria.it/ordinanze-e-atti-sisma-2016
Regione Abruzzo - Ordinanze e atti sisma 2016,http://urp.regione.abruzzo.it/index.php/36-emergenza-sisma-2016
Protezione Civile Lazio,http://www.regione.lazio.it/Organigramma/key.do?code=UNOR_D1000PC&type=dir
Protezione Civile Marche,http://protezionecivile.regione.marche.it/
Protezione Civile Umbria,http://www.regione.umbria.it/protezione-civile
Protezione Civile Abruzzo,http://protezionecivile.regione.abruzzo.it/
Ministero degli Interni - Terremoto centro Italia,http://www.interno.gov.it/it/speciali/centro-italia-colpito-dal-terremoto
Vigili del Fuoco,http://www.vigilfuoco.it/aspx/home.aspx
Portale delle Prefetture,http://www.prefettura.it/portale/multidip/index.htm
Centro Servizi Volontariato Lazio,http://www.volontariato.lazio.it/
Centro Servizi Volontariato Marche,http://www.csv.marche.it/
Centro Servizi Volontariato Perugia,http://www.pgcesvol.net/
Centro Servizi Volontariato Teramo,http://www.csvteramo.it/
Giornale della Protezione Civile,http://ilgiornaledellaprotezionecivile.it/
Emergenza24,http://www.emergenza24.org/
Abili a proteggere - Soccorso disabili in emergenza,http://www.abiliaproteggere.net/